year,total,summer,winter,spring,autumn
2012,0.47542254910297066,0.45691059374161297,0.4906544012295451,0.4952143522569888,0.42317861619953917
2014,0.5068479185580111,0.4759222104999999,0.5487038533303799,0.46998159489108277,0.523813260953077
2016,0.5384798686044714,0.5575909497833155,0.5694638238325475,0.5119577583380697,0.526541272525601
2018,0.5455225193889582,0.5393634369602751,0.5492939356435638,0.5473888027236622,0.5474755526844687
