year,total,summer,winter,spring,autumn
2012,0.5898099876532745,0.6149916381383874,0.5856617886308075,0.5339614644094988,0.7050166748999994
2014,0.618464911146041,0.7033010292448978,0.5532232028360764,0.6078948338235665,0.6465706994453845
2016,0.5537874519466982,0.5823823770379398,0.5813149459820238,0.524649927159858,0.5401204416303284
2018,0.539727552587544,0.5553964025561322,0.5553484006497529,0.5051012872895777,0.5457367174418613
