year,total,summer,winter,spring,autumn
2012,0.4344467461706955,0.3894091168512902,0.45630913748888907,0.4298943936492835,0.4705959205207369
2014,0.434223937828177,0.46038724796836733,0.4408042557594938,0.4341174171286623,0.4066318541584614
2016,0.42689102658690026,0.4237061965682271,0.45638180268789347,0.4250829651942828,0.40841342671310155
2018,0.4121443468860127,0.39992166960276354,0.41665367172029677,0.4191825659163991,0.41486959804766044
